{
  "winner": "gpt-3.5-turbo",
  "stats": {
    "gpt-3.5-turbo": {
      "model": "gpt-3.5-turbo",
      "quality_mean": 5.0,
      "quality_std": 0.0,
      "latency_mean": 2382.5277333380654,
      "latency_std": 485.8610922011829,
      "cost_total": 0.009000000000000001,
      "cost_mean": 0.003,
      "n_runs": 3
    },
    "gpt-4o-mini": {
      "model": "gpt-4o-mini",
      "quality_mean": 5.0,
      "quality_std": 0.0,
      "latency_mean": 8550.415199996982,
      "latency_std": 532.587800910523,
      "cost_total": 0.003,
      "cost_mean": 0.001,
      "n_runs": 3
    },
    "gpt-4.1-mini": {
      "model": "gpt-4.1-mini",
      "quality_mean": 5.0,
      "quality_std": 0.0,
      "latency_mean": 5509.6693999997415,
      "latency_std": 73.95230276508246,
      "cost_total": 0.006,
      "cost_mean": 0.002,
      "n_runs": 3
    },
    "gpt-4.1-nano": {
      "model": "gpt-4.1-nano",
      "quality_mean": 5.0,
      "quality_std": 0.0,
      "latency_mean": 2976.45649999807,
      "latency_std": 749.1761540596897,
      "cost_total": 0.003,
      "cost_mean": 0.001,
      "n_runs": 3
    },
    "gpt-5-mini": {
      "model": "gpt-5-mini",
      "quality_mean": 5.0,
      "quality_std": 0.0,
      "latency_mean": 15318.679133333111,
      "latency_std": 1173.6935592304071,
      "cost_total": 0.006,
      "cost_mean": 0.002,
      "n_runs": 3
    },
    "gpt-5-nano": {
      "model": "gpt-5-nano",
      "quality_mean": 5.0,
      "quality_std": 0.0,
      "latency_mean": 18710.14093333603,
      "latency_std": 1250.3668841182628,
      "cost_total": 0.003,
      "cost_mean": 0.001,
      "n_runs": 3
    }
  },
  "comparisons": [
    {
      "model_a": "gpt-3.5-turbo",
      "model_b": "gpt-4o-mini",
      "metric": "quality",
      "mean_a": 5.0,
      "mean_b": 5.0,
      "t_stat": 0,
      "p_value": 1,
      "cohen_d": 0,
      "ci_low": 0,
      "ci_high": 0,
      "winner": null
    },
    {
      "model_a": "gpt-3.5-turbo",
      "model_b": "gpt-4o-mini",
      "metric": "latency",
      "mean_a": 2382.5277333380654,
      "mean_b": 8550.415199996982,
      "t_stat": -14.818908339385464,
      "p_value": 1.1056672982784277e-49,
      "cohen_d": -12.099587992189596,
      "ci_low": -7315.10269140158,
      "ci_high": -5020.6722419162525,
      "winner": "gpt-3.5-turbo"
    },
    {
      "model_a": "gpt-3.5-turbo",
      "model_b": "gpt-4.1-mini",
      "metric": "quality",
      "mean_a": 5.0,
      "mean_b": 5.0,
      "t_stat": 0,
      "p_value": 1,
      "cohen_d": 0,
      "ci_low": 0,
      "ci_high": 0,
      "winner": null
    },
    {
      "model_a": "gpt-3.5-turbo",
      "model_b": "gpt-4.1-mini",
      "metric": "latency",
      "mean_a": 2382.5277333380654,
      "mean_b": 5509.6693999997415,
      "t_stat": -11.021042908600228,
      "p_value": 3.0253337972714686e-28,
      "cohen_d": -8.998643853129847,
      "ci_low": -4101.403625770995,
      "ci_high": -2152.879707552357,
      "winner": "gpt-3.5-turbo"
    },
    {
      "model_a": "gpt-3.5-turbo",
      "model_b": "gpt-4.1-nano",
      "metric": "quality",
      "mean_a": 5.0,
      "mean_b": 5.0,
      "t_stat": 0,
      "p_value": 1,
      "cohen_d": 0,
      "ci_low": 0,
      "ci_high": 0,
      "winner": null
    },
    {
      "model_a": "gpt-3.5-turbo",
      "model_b": "gpt-4.1-nano",
      "metric": "latency",
      "mean_a": 2382.5277333380654,
      "mean_b": 2976.45649999807,
      "t_stat": -1.1520651759650054,
      "p_value": 0.24929429186823296,
      "cohen_d": -0.9406572771813257,
      "ci_low": -2075.9690838448732,
      "ci_high": 888.1115505248647,
      "winner": null
    },
    {
      "model_a": "gpt-3.5-turbo",
      "model_b": "gpt-5-mini",
      "metric": "quality",
      "mean_a": 5.0,
      "mean_b": 5.0,
      "t_stat": 0,
      "p_value": 1,
      "cohen_d": 0,
      "ci_low": 0,
      "ci_high": 0,
      "winner": null
    },
    {
      "model_a": "gpt-3.5-turbo",
      "model_b": "gpt-5-mini",
      "metric": "latency",
      "mean_a": 2382.5277333380654,
      "mean_b": 15318.679133333111,
      "t_stat": -17.638652725885134,
      "p_value": 1.2439149882494442e-69,
      "cohen_d": -14.401899642856726,
      "ci_low": -15228.258921011238,
      "ci_high": -10644.043878978853,
      "winner": "gpt-3.5-turbo"
    },
    {
      "model_a": "gpt-3.5-turbo",
      "model_b": "gpt-5-nano",
      "metric": "quality",
      "mean_a": 5.0,
      "mean_b": 5.0,
      "t_stat": 0,
      "p_value": 1,
      "cohen_d": 0,
      "ci_low": 0,
      "ci_high": 0,
      "winner": null
    },
    {
      "model_a": "gpt-3.5-turbo",
      "model_b": "gpt-5-nano",
      "metric": "latency",
      "mean_a": 2382.5277333380654,
      "mean_b": 18710.14093333603,
      "t_stat": -21.081913075940975,
      "p_value": 1.1657508063347202e-98,
      "cohen_d": -17.213309945921328,
      "ci_low": -18773.49532582154,
      "ci_high": -13881.731074174395,
      "winner": "gpt-3.5-turbo"
    },
    {
      "model_a": "gpt-4o-mini",
      "model_b": "gpt-4.1-mini",
      "metric": "quality",
      "mean_a": 5.0,
      "mean_b": 5.0,
      "t_stat": 0,
      "p_value": 1,
      "cohen_d": 0,
      "ci_low": 0,
      "ci_high": 0,
      "winner": null
    },
    {
      "model_a": "gpt-4o-mini",
      "model_b": "gpt-4.1-mini",
      "metric": "latency",
      "mean_a": 8550.415199996982,
      "mean_b": 5509.6693999997415,
      "t_stat": 9.79495951083407,
      "p_value": 1.1834482281462706e-22,
      "cohen_d": 7.997550950921531,
      "ci_low": 1971.489829983746,
      "ci_high": 4110.001770010735,
      "winner": "gpt-4.1-mini"
    },
    {
      "model_a": "gpt-4o-mini",
      "model_b": "gpt-4.1-nano",
      "metric": "quality",
      "mean_a": 5.0,
      "mean_b": 5.0,
      "t_stat": 0,
      "p_value": 1,
      "cohen_d": 0,
      "ci_low": 0,
      "ci_high": 0,
      "winner": null
    },
    {
      "model_a": "gpt-4o-mini",
      "model_b": "gpt-4.1-nano",
      "metric": "latency",
      "mean_a": 8550.415199996982,
      "mean_b": 2976.45649999807,
      "t_stat": 10.503110802633465,
      "p_value": 8.357950083168119e-26,
      "cohen_d": 8.575754059455289,
      "ci_low": 4071.5745214075587,
      "ci_high": 7076.342878590264,
      "winner": "gpt-4.1-nano"
    },
    {
      "model_a": "gpt-4o-mini",
      "model_b": "gpt-5-mini",
      "metric": "quality",
      "mean_a": 5.0,
      "mean_b": 5.0,
      "t_stat": 0,
      "p_value": 1,
      "cohen_d": 0,
      "ci_low": 0,
      "ci_high": 0,
      "winner": null
    },
    {
      "model_a": "gpt-4o-mini",
      "model_b": "gpt-5-mini",
      "metric": "latency",
      "mean_a": 8550.415199996982,
      "mean_b": 15318.679133333111,
      "t_stat": -9.095490483957516,
      "p_value": 9.416049108640372e-20,
      "cohen_d": -7.426436882011979,
      "ci_low": -9056.638377761446,
      "ci_high": -4479.889488910812,
      "winner": "gpt-4o-mini"
    },
    {
      "model_a": "gpt-4o-mini",
      "model_b": "gpt-5-nano",
      "metric": "quality",
      "mean_a": 5.0,
      "mean_b": 5.0,
      "t_stat": 0,
      "p_value": 1,
      "cohen_d": 0,
      "ci_low": 0,
      "ci_high": 0,
      "winner": null
    },
    {
      "model_a": "gpt-4o-mini",
      "model_b": "gpt-5-nano",
      "metric": "latency",
      "mean_a": 8550.415199996982,
      "mean_b": 18710.14093333603,
      "t_stat": -12.947957758158323,
      "p_value": 2.4128790684742585e-38,
      "cohen_d": -10.571963239532897,
      "ci_low": -12600.049996474434,
      "ci_high": -7719.401470203665,
      "winner": "gpt-4o-mini"
    },
    {
      "model_a": "gpt-4.1-mini",
      "model_b": "gpt-4.1-nano",
      "metric": "quality",
      "mean_a": 5.0,
      "mean_b": 5.0,
      "t_stat": 0,
      "p_value": 1,
      "cohen_d": 0,
      "ci_low": 0,
      "ci_high": 0,
      "winner": null
    },
    {
      "model_a": "gpt-4.1-mini",
      "model_b": "gpt-4.1-nano",
      "metric": "latency",